week_start,ingredient,month,quantity_ordered_past,quantity_used,quantity_expired,stock_remaining_end_week,quantity_to_order_correct
2023-01-01,Rice,1,68.05,38.82,0.0,29.22,58.82
2023-01-01,Cooking Cream,1,63.18,52.48,0.0,10.7,72.48
2023-01-01,Chicken,1,63.37,37.1,0.0,26.27,57.1
2023-01-01,Broccoli,1,51.85,51.85,0.0,0.0,71.85
2023-01-01,Fish,1,47.29,47.29,0.0,0.0,67.29
2023-01-08,Rice,1,22.78,52.0,0.0,0.0,42.78
2023-01-08,Cooking Cream,1,51.0,48.86,10.7,2.14,58.15
2023-01-08,Chicken,1,24.73,45.07,0.0,5.93,38.8
2023-01-08,Broccoli,1,50.0,34.52,0.0,15.48,54.52
2023-01-08,Fish,1,53.0,53.0,0.0,0.0,73.0
2023-01-15,Rice,1,48.0,48.0,0.0,0.0,68.0
2023-01-15,Cooking Cream,1,54.0,54.0,2.14,0.0,71.86
2023-01-15,Chicken,1,41.07,39.93,0.0,7.07,54.0
2023-01-15,Broccoli,1,35.52,41.84,0.0,9.16,46.35
2023-01-15,Fish,1,53.0,37.59,0.0,15.41,57.59
2023-01-22,Rice,1,49.0,49.0,0.0,0.0,69.0
2023-01-22,Cooking Cream,1,45.0,45.0,0.0,0.0,65.0
2023-01-22,Chicken,1,37.93,45.0,0.0,0.0,57.93
2023-01-22,Broccoli,1,39.84,44.82,0.0,4.18,55.65
2023-01-22,Fish,1,34.59,35.19,0.0,14.81,39.78
2023-01-29,Rice,1,54.0,44.59,0.0,9.41,64.59
2023-01-29,Cooking Cream,1,52.0,46.12,0.0,5.88,66.12
2023-01-29,Chicken,1,53.0,50.39,0.0,2.61,70.39
2023-01-29,Broccoli,1,48.82,53.0,0.0,0.0,68.82
2023-01-29,Fish,1,33.19,48.0,0.0,0.0,53.19
2023-02-05,Rice,2,42.59,52.0,0.0,0.0,62.59
2023-02-05,Cooking Cream,2,48.0,48.0,5.88,0.0,62.12
2023-02-05,Chicken,2,50.39,53.0,0.0,0.0,70.39
2023-02-05,Broccoli,2,54.0,50.73,0.0,3.27,70.73
2023-02-05,Fish,2,51.0,44.06,0.0,6.94,64.06
2023-02-12,Rice,2,49.0,49.0,0.0,0.0,69.0
2023-02-12,Cooking Cream,2,48.0,36.54,0.0,11.46,56.54
2023-02-12,Chicken,2,46.0,42.42,0.0,3.58,62.42
2023-02-12,Broccoli,2,49.73,51.33,0.0,1.67,68.07
2023-02-12,Fish,2,45.06,50.9,0.0,1.1,63.96
2023-02-19,Rice,2,51.0,39.94,0.0,11.06,59.94
2023-02-19,Cooking Cream,2,49.0,34.66,11.46,14.34,43.2
2023-02-19,Chicken,2,44.42,48.0,0.0,0.0,64.42
2023-02-19,Broccoli,2,53.33,55.0,0.0,0.0,73.33
2023-02-19,Fish,2,51.9,36.49,0.0,16.51,55.39
2023-02-26,Rice,2,36.94,48.0,0.0,0.0,56.94
2023-02-26,Cooking Cream,2,51.0,51.0,14.34,0.0,56.66
2023-02-26,Chicken,2,48.0,48.0,0.0,0.0,68.0
2023-02-26,Broccoli,2,55.0,55.0,0.0,0.0,75.0
2023-02-26,Fish,2,38.49,54.48,0.0,0.52,57.97
2023-03-05,Rice,3,45.0,40.79,0.0,4.21,60.79
2023-03-05,Cooking Cream,3,54.0,54.0,0.0,0.0,74.0
2023-03-05,Chicken,3,53.0,49.04,0.0,3.96,69.04
2023-03-05,Broccoli,3,49.0,49.0,0.0,0.0,69.0
2023-03-05,Fish,3,51.48,52.0,0.0,0.0,71.48
2023-03-12,Rice,3,40.79,45.0,0.0,0.0,60.79
2023-03-12,Cooking Cream,3,55.0,50.43,0.0,4.57,70.43
2023-03-12,Chicken,3,41.04,45.0,0.0,0.0,61.04
2023-03-12,Broccoli,3,51.0,51.0,0.0,0.0,71.0
2023-03-12,Fish,3,52.0,52.0,0.0,0.0,72.0
2023-03-19,Rice,3,53.0,53.0,0.0,0.0,73.0
2023-03-19,Cooking Cream,3,55.0,55.0,4.57,0.0,70.43
2023-03-19,Chicken,3,48.0,39.72,0.0,8.28,59.72
2023-03-19,Broccoli,3,54.0,54.0,0.0,0.0,74.0
2023-03-19,Fish,3,54.0,49.17,0.0,4.83,69.17
2023-03-26,Rice,3,49.0,49.0,0.0,0.0,69.0
2023-03-26,Cooking Cream,3,53.0,53.0,0.0,0.0,73.0
2023-03-26,Chicken,3,40.72,49.0,0.0,0.0,60.72
2023-03-26,Broccoli,3,46.0,46.0,0.0,0.0,66.0
2023-03-26,Fish,3,47.17,52.0,0.0,0.0,67.17
2023-04-02,Rice,4,47.0,47.0,0.0,0.0,67.0
2023-04-02,Cooking Cream,4,52.0,52.0,0.0,0.0,72.0
2023-04-02,Chicken,4,53.0,30.93,0.0,22.07,50.93
2023-04-02,Broccoli,4,47.0,47.0,0.0,0.0,67.0
2023-04-02,Fish,4,48.0,48.0,0.0,0.0,68.0
2023-04-09,Rice,4,46.0,37.24,0.0,8.76,57.24
2023-04-09,Cooking Cream,4,54.0,52.98,0.0,1.02,72.98
2023-04-09,Chicken,4,23.93,46.0,0.0,0.0,43.93
2023-04-09,Broccoli,4,51.0,44.82,0.0,6.18,64.82
2023-04-09,Fish,4,50.0,50.0,0.0,0.0,70.0
2023-04-16,Rice,4,41.24,50.0,0.0,0.0,61.24
2023-04-16,Cooking Cream,4,48.0,47.38,1.02,0.62,66.36
2023-04-16,Chicken,4,46.0,46.0,0.0,0.0,66.0
2023-04-16,Broccoli,4,38.82,43.73,0.0,1.27,57.54
2023-04-16,Fish,4,46.0,46.0,0.0,0.0,66.0
2023-04-23,Rice,4,53.0,53.0,0.0,0.0,73.0
2023-04-23,Cooking Cream,4,49.0,32.48,0.62,16.52,51.87
2023-04-23,Chicken,4,54.0,46.4,0.0,7.6,66.4
2023-04-23,Broccoli,4,46.73,30.45,0.0,17.55,49.18
2023-04-23,Fish,4,52.0,41.66,0.0,10.34,61.66
2023-04-30,Rice,4,54.0,43.41,0.0,10.59,63.41
2023-04-30,Cooking Cream,4,55.0,47.32,16.52,7.68,50.8
2023-04-30,Chicken,4,44.4,37.75,0.0,14.25,50.15
2023-04-30,Broccoli,4,32.45,50.0,0.0,0.0,52.45
2023-04-30,Fish,4,42.66,53.0,0.0,0.0,62.66
2023-05-07,Rice,5,36.41,47.0,0.0,0.0,56.41
2023-05-07,Cooking Cream,5,49.0,49.0,7.68,0.0,61.32
2023-05-07,Chicken,5,35.75,50.0,0.0,0.0,55.75
2023-05-07,Broccoli,5,46.0,40.62,0.0,5.38,60.62
2023-05-07,Fish,5,49.0,49.0,0.0,0.0,69.0
2023-05-14,Rice,5,53.0,26.71,0.0,26.29,46.71
2023-05-14,Cooking Cream,5,49.0,49.0,0.0,0.0,69.0
2023-05-14,Chicken,5,45.0,45.0,0.0,0.0,65.0
2023-05-14,Broccoli,5,45.62,50.64,0.0,0.36,65.27
2023-05-14,Fish,5,49.0,49.0,0.0,0.0,69.0
2023-05-21,Rice,5,21.71,46.2,0.0,1.8,39.91
2023-05-21,Cooking Cream,5,45.0,45.0,0.0,0.0,65.0
2023-05-21,Chicken,5,51.0,40.99,0.0,10.01,60.99
2023-05-21,Broccoli,5,52.64,53.0,0.0,0.0,72.64
2023-05-21,Fish,5,51.0,51.0,0.0,0.0,71.0
2023-05-28,Rice,5,50.2,52.0,0.0,0.0,70.2
2023-05-28,Cooking Cream,5,45.0,43.03,0.0,1.97,63.03
2023-05-28,Chicken,5,38.99,47.19,0.0,1.81,57.18
2023-05-28,Broccoli,5,46.0,46.0,0.0,0.0,66.0
2023-05-28,Fish,5,47.0,47.0,0.0,0.0,67.0
2023-06-04,Rice,6,54.0,48.82,0.0,5.18,68.82
2023-06-04,Cooking Cream,6,47.0,46.33,1.97,0.67,64.36
2023-06-04,Chicken,6,48.19,37.31,0.0,12.69,55.49
2023-06-04,Broccoli,6,49.0,49.0,0.0,0.0,69.0
2023-06-04,Fish,6,46.0,46.0,0.0,0.0,66.0
2023-06-11,Rice,6,40.82,46.0,0.0,0.0,60.82
2023-06-11,Cooking Cream,6,45.0,28.35,0.67,16.65,47.68
2023-06-11,Chicken,6,34.31,14.86,0.0,32.14,22.16
2023-06-11,Broccoli,6,51.0,44.22,0.0,6.78,64.22
2023-06-11,Fish,6,52.0,52.0,0.0,0.0,72.0
2023-06-18,Rice,6,50.0,50.0,0.0,0.0,70.0
2023-06-18,Cooking Cream,6,48.0,47.51,16.65,0.49,50.86
2023-06-18,Chicken,6,15.86,46.52,0.0,1.48,34.38
2023-06-18,Broccoli,6,40.22,47.0,0.0,0.0,60.22
2023-06-18,Fish,6,47.0,39.91,0.0,7.09,59.91
2023-06-25,Rice,6,46.0,46.0,0.0,0.0,66.0
2023-06-25,Cooking Cream,6,50.0,42.15,0.49,7.85,61.66
2023-06-25,Chicken,6,53.52,55.0,0.0,0.0,73.52
2023-06-25,Broccoli,6,49.0,49.0,0.0,0.0,69.0
2023-06-25,Fish,6,41.91,49.0,0.0,0.0,61.91
2023-07-02,Rice,7,53.0,53.0,0.0,0.0,73.0
2023-07-02,Cooking Cream,7,53.0,49.86,7.85,3.14,62.01
2023-07-02,Chicken,7,45.0,39.31,0.0,5.69,59.31
2023-07-02,Broccoli,7,53.0,53.0,0.0,0.0,73.0
2023-07-02,Fish,7,53.0,43.26,0.0,9.74,63.26
2023-07-09,Rice,7,49.0,49.0,0.0,0.0,69.0
2023-07-09,Cooking Cream,7,53.0,52.89,3.14,0.11,69.75
2023-07-09,Chicken,7,49.31,55.0,0.0,0.0,69.31
2023-07-09,Broccoli,7,47.0,47.0,0.0,0.0,67.0
2023-07-09,Fish,7,42.26,52.0,0.0,0.0,62.26
2023-07-16,Rice,7,52.0,52.0,0.0,0.0,72.0
2023-07-16,Cooking Cream,7,54.0,54.0,0.11,0.0,73.89
2023-07-16,Chicken,7,52.0,52.0,0.0,0.0,72.0
2023-07-16,Broccoli,7,55.0,55.0,0.0,0.0,75.0
2023-07-16,Fish,7,49.0,36.0,0.0,13.0,56.0
2023-07-23,Rice,7,50.0,50.0,0.0,0.0,70.0
2023-07-23,Cooking Cream,7,49.0,49.0,0.0,0.0,69.0
2023-07-23,Chicken,7,49.0,49.0,0.0,0.0,69.0
2023-07-23,Broccoli,7,47.0,47.0,0.0,0.0,67.0
2023-07-23,Fish,7,39.0,31.61,0.0,20.39,38.61
2023-07-30,Rice,7,55.0,55.0,0.0,0.0,75.0
2023-07-30,Cooking Cream,7,49.0,49.0,0.0,0.0,69.0
2023-07-30,Chicken,7,48.0,48.0,0.0,0.0,68.0
2023-07-30,Broccoli,7,50.0,35.3,0.0,14.7,55.3
2023-07-30,Fish,7,25.61,45.82,0.0,0.18,45.43
2023-08-06,Rice,8,48.0,35.14,0.0,12.86,55.14
2023-08-06,Cooking Cream,8,46.0,46.0,0.0,0.0,66.0
2023-08-06,Chicken,8,55.0,55.0,0.0,0.0,75.0
2023-08-06,Broccoli,8,37.3,41.41,0.0,10.59,46.71
2023-08-06,Fish,8,45.82,46.0,0.0,0.0,65.82
2023-08-13,Rice,8,32.14,45.0,0.0,0.0,52.14
2023-08-13,Cooking Cream,8,55.0,55.0,0.0,0.0,75.0
2023-08-13,Chicken,8,48.0,47.15,0.0,0.85,67.15
2023-08-13,Broccoli,8,38.41,49.0,0.0,0.0,58.41
2023-08-13,Fish,8,46.0,46.0,0.0,0.0,66.0
2023-08-20,Rice,8,45.0,41.91,0.0,3.09,61.91
2023-08-20,Cooking Cream,8,50.0,50.0,0.0,0.0,70.0
2023-08-20,Chicken,8,51.15,46.4,0.0,5.6,65.55
2023-08-20,Broccoli,8,51.0,51.0,0.0,0.0,71.0
2023-08-20,Fish,8,47.0,47.0,0.0,0.0,67.0
2023-08-27,Rice,8,50.91,50.93,0.0,3.07,67.85
2023-08-27,Cooking Cream,8,55.0,55.0,0.0,0.0,75.0
2023-08-27,Chicken,8,47.4,34.21,0.0,18.79,48.62
2023-08-27,Broccoli,8,52.0,50.62,0.0,1.38,70.62
2023-08-27,Fish,8,48.0,48.0,0.0,0.0,68.0
2023-09-03,Rice,9,44.93,36.34,0.0,11.66,53.28
2023-09-03,Cooking Cream,9,52.0,34.15,0.0,17.85,54.15
2023-09-03,Chicken,9,34.21,22.96,0.0,30.04,24.17
2023-09-03,Broccoli,9,48.62,50.0,0.0,0.0,68.62
2023-09-03,Fish,9,49.0,44.21,0.0,4.79,64.21
2023-09-10,Rice,9,42.34,43.53,0.0,10.47,51.87
2023-09-10,Cooking Cream,9,49.0,43.51,17.85,5.49,45.66
2023-09-10,Chicken,9,20.96,51.0,0.0,0.0,40.96
2023-09-10,Broccoli,9,55.0,40.84,0.0,14.16,60.84
2023-09-10,Fish,9,44.21,49.0,0.0,0.0,64.21
2023-09-17,Rice,9,40.53,45.62,0.0,5.38,55.15
2023-09-17,Cooking Cream,9,51.0,42.82,5.49,8.18,57.33
2023-09-17,Chicken,9,49.0,44.55,0.0,4.45,64.55
2023-09-17,Broccoli,9,39.84,49.53,0.0,4.47,55.37
2023-09-17,Fish,9,54.0,51.64,0.0,2.36,71.64
2023-09-24,Rice,9,45.62,31.02,0.0,19.98,45.64
2023-09-24,Cooking Cream,9,46.0,46.0,8.18,0.0,57.82
2023-09-24,Chicken,9,40.55,45.0,0.0,0.0,60.55
2023-09-24,Broccoli,9,41.53,42.71,0.0,3.29,58.24
2023-09-24,Fish,9,48.64,42.02,0.0,8.98,59.66
2023-10-01,Rice,10,51.02,43.77,0.0,27.23,43.79
2023-10-01,Cooking Cream,10,65.0,65.0,0.0,0.0,85.0
2023-10-01,Chicken,10,75.0,62.59,0.0,12.41,82.59
2023-10-01,Broccoli,10,62.71,50.84,0.0,15.16,67.55
2023-10-01,Fish,10,65.02,57.74,0.0,16.26,68.77
2023-10-08,Rice,10,41.77,52.35,0.0,16.65,45.13
2023-10-08,Cooking Cream,10,75.0,51.15,0.0,23.85,71.15
2023-10-08,Chicken,10,54.59,38.65,0.0,28.35,46.23
2023-10-08,Broccoli,10,49.84,65.0,0.0,0.0,69.84
2023-10-08,Fish,10,56.74,39.24,0.0,33.76,42.98
2023-10-15,Rice,10,54.35,37.23,0.0,33.77,40.58
2023-10-15,Cooking Cream,10,73.0,46.97,23.85,26.03,43.12
2023-10-15,Chicken,10,44.65,51.74,0.0,21.26,43.38
2023-10-15,Broccoli,10,66.0,57.26,0.0,8.74,77.26
2023-10-15,Fish,10,32.24,57.55,0.0,8.45,43.79
2023-10-22,Rice,10,40.23,23.39,0.0,50.61,9.62
2023-10-22,Cooking Cream,10,75.0,58.06,26.03,16.94,52.03
2023-10-22,Chicken,10,44.74,41.45,0.0,24.55,40.19
2023-10-22,Broccoli,10,60.26,55.4,0.0,13.6,66.66
2023-10-22,Fish,10,62.55,38.64,0.0,32.36,50.2
2023-10-29,Rice,10,21.39,40.6,0.0,31.4,9.99
2023-10-29,Cooking Cream,10,74.0,56.95,16.94,17.05,60.01
2023-10-29,Chicken,10,43.45,53.54,0.0,14.46,48.99
2023-10-29,Broccoli,10,59.4,43.77,0.0,29.23,50.18
2023-10-29,Fish,10,35.64,55.67,0.0,12.33,43.32
2023-11-05,Rice,11,20.6,33.11,0.0,18.89,21.71
2023-11-05,Cooking Cream,11,45.0,45.0,17.05,0.0,47.95
2023-11-05,Chicken,11,34.54,49.0,0.0,0.0,54.54
2023-11-05,Broccoli,11,15.77,45.0,0.0,0.0,35.77
2023-11-05,Fish,11,42.67,53.49,0.0,1.51,61.17
2023-11-12,Rice,11,27.11,46.0,0.0,0.0,47.11
2023-11-12,Cooking Cream,11,47.0,36.23,0.0,10.77,56.23
2023-11-12,Chicken,11,54.0,47.83,0.0,6.17,67.83
2023-11-12,Broccoli,11,51.0,51.0,0.0,0.0,71.0
2023-11-12,Fish,11,46.49,30.42,0.0,17.58,48.92
2023-11-19,Rice,11,45.0,45.0,0.0,0.0,65.0
2023-11-19,Cooking Cream,11,47.0,47.0,10.77,0.0,56.23
2023-11-19,Chicken,11,39.83,46.0,0.0,0.0,59.83
2023-11-19,Broccoli,11,51.0,37.77,0.0,13.23,57.77
2023-11-19,Fish,11,32.42,42.99,0.0,7.01,45.42
2023-11-26,Rice,11,45.0,45.0,0.0,0.0,65.0
2023-11-26,Cooking Cream,11,49.0,49.0,0.0,0.0,69.0
2023-11-26,Chicken,11,53.0,53.0,0.0,0.0,73.0
2023-11-26,Broccoli,11,33.77,45.95,0.0,1.05,52.72
2023-11-26,Fish,11,39.99,47.0,0.0,0.0,59.99
2023-12-03,Rice,12,74.0,66.44,0.0,7.56,86.44
2023-12-03,Cooking Cream,12,70.0,55.46,0.0,14.54,75.46
2023-12-03,Chicken,12,68.0,52.34,0.0,15.66,72.34
2023-12-03,Broccoli,12,66.95,64.51,0.0,3.49,83.46
2023-12-03,Fish,12,65.0,65.0,0.0,0.0,85.0
2023-12-10,Rice,12,61.44,38.89,0.0,30.11,51.33
2023-12-10,Cooking Cream,12,71.0,49.16,14.54,21.84,54.62
2023-12-10,Chicken,12,56.34,46.49,0.0,25.51,50.83
2023-12-10,Broccoli,12,69.51,42.88,0.0,30.12,59.39
2023-12-10,Fish,12,75.0,39.82,0.0,35.18,59.82
2023-12-17,Rice,12,38.89,30.87,0.0,38.13,20.76
2023-12-17,Cooking Cream,12,68.0,62.34,21.84,5.66,60.5
2023-12-17,Chicken,12,44.49,66.51,0.0,3.49,61.0
2023-12-17,Broccoli,12,36.88,60.34,0.0,6.66,50.22
2023-12-17,Fish,12,36.82,53.82,0.0,18.18,38.64
2023-12-24,Rice,12,26.87,56.13,0.0,8.87,38.0
2023-12-24,Cooking Cream,12,72.0,56.75,5.66,15.25,71.08
2023-12-24,Chicken,12,71.51,52.51,0.0,22.49,69.02
2023-12-24,Broccoli,12,68.34,73.97,0.0,1.03,87.31
2023-12-24,Fish,12,55.82,57.37,0.0,16.63,59.19
2023-12-31,Rice,12,56.13,39.67,0.0,25.33,50.79
2023-12-31,Cooking Cream,12,73.0,49.59,15.25,23.41,54.33
2023-12-31,Chicken,12,51.51,52.01,0.0,21.99,49.52
2023-12-31,Broccoli,12,73.97,39.86,0.0,35.14,58.83
2023-12-31,Fish,12,48.37,56.33,0.0,8.67,59.7
2024-01-07,Rice,1,22.67,48.0,0.0,0.0,42.67
2024-01-07,Cooking Cream,1,48.0,48.0,23.41,0.0,44.59
2024-01-07,Chicken,1,25.01,47.0,0.0,0.0,45.01
2024-01-07,Broccoli,1,19.86,47.39,0.0,7.61,32.26
2024-01-07,Fish,1,42.33,51.0,0.0,0.0,62.33
2024-01-14,Rice,1,46.0,46.0,0.0,0.0,66.0
2024-01-14,Cooking Cream,1,52.0,45.01,0.0,6.99,65.01
2024-01-14,Chicken,1,51.0,51.0,0.0,0.0,71.0
2024-01-14,Broccoli,1,46.39,54.0,0.0,0.0,66.39
2024-01-14,Fish,1,45.0,33.18,0.0,11.82,53.18
2024-01-21,Rice,1,51.0,51.0,0.0,0.0,71.0
2024-01-21,Cooking Cream,1,54.0,42.63,6.99,11.37,55.64
2024-01-21,Chicken,1,51.0,51.0,0.0,0.0,71.0
2024-01-21,Broccoli,1,50.0,50.0,0.0,0.0,70.0
2024-01-21,Fish,1,36.18,46.39,0.0,1.61,54.57
2024-01-28,Rice,1,55.0,55.0,0.0,0.0,75.0
2024-01-28,Cooking Cream,1,55.0,30.49,11.37,24.51,39.12
2024-01-28,Chicken,1,52.0,52.0,0.0,0.0,72.0
2024-01-28,Broccoli,1,54.0,47.41,0.0,6.59,67.41
2024-01-28,Fish,1,46.39,46.52,0.0,1.48,64.91
2024-02-04,Rice,2,52.0,49.17,0.0,2.83,69.17
2024-02-04,Cooking Cream,2,52.0,52.0,24.51,0.0,47.49
2024-02-04,Chicken,2,52.0,48.02,0.0,3.98,68.02
2024-02-04,Broccoli,2,38.41,28.97,0.0,16.03,42.38
2024-02-04,Fish,2,51.52,41.73,0.0,11.27,60.25
2024-02-11,Rice,2,48.17,51.0,0.0,0.0,68.17
2024-02-11,Cooking Cream,2,53.0,42.89,0.0,10.11,62.89
2024-02-11,Chicken,2,42.02,46.0,0.0,0.0,62.02
2024-02-11,Broccoli,2,36.97,52.17,0.0,0.83,56.14
2024-02-11,Fish,2,33.73,45.0,0.0,0.0,53.73
2024-02-18,Rice,2,51.0,33.81,0.0,17.19,53.81
2024-02-18,Cooking Cream,2,50.0,38.59,10.11,11.41,48.48
2024-02-18,Chicken,2,54.0,40.48,0.0,13.52,60.48
2024-02-18,Broccoli,2,54.17,55.0,0.0,0.0,74.17
2024-02-18,Fish,2,51.0,29.26,0.0,21.74,49.26
2024-02-25,Rice,2,37.81,51.83,0.0,3.17,54.64
2024-02-25,Cooking Cream,2,46.0,37.75,11.41,8.25,46.34
2024-02-25,Chicken,2,37.48,35.84,0.0,15.16,42.32
2024-02-25,Broccoli,2,45.0,45.0,0.0,0.0,65.0
2024-02-25,Fish,2,31.26,44.44,0.0,8.56,42.69
2024-03-03,Rice,3,44.83,42.86,0.0,5.14,59.69
2024-03-03,Cooking Cream,3,49.0,49.0,8.25,0.0,60.75
2024-03-03,Chicken,3,32.84,24.98,0.0,23.02,29.82
2024-03-03,Broccoli,3,51.0,34.69,0.0,16.31,54.69
2024-03-03,Fish,3,44.44,53.0,0.0,0.0,64.44
2024-03-10,Rice,3,41.86,41.81,0.0,5.19,56.67
2024-03-10,Cooking Cream,3,45.0,45.0,0.0,0.0,65.0
2024-03-10,Chicken,3,28.98,52.0,0.0,0.0,48.98
2024-03-10,Broccoli,3,34.69,51.0,0.0,0.0,54.69
2024-03-10,Fish,3,55.0,44.78,0.0,10.22,64.78
2024-03-17,Rice,3,43.81,44.22,0.0,4.78,59.04
2024-03-17,Cooking Cream,3,46.0,44.22,0.0,1.78,64.22
2024-03-17,Chicken,3,54.0,41.45,0.0,12.55,61.45
2024-03-17,Broccoli,3,52.0,52.0,0.0,0.0,72.0
2024-03-17,Fish,3,35.78,44.58,0.0,1.42,54.36
2024-03-24,Rice,3,41.22,46.0,0.0,0.0,61.22
2024-03-24,Cooking Cream,3,51.0,40.89,1.78,10.11,59.11
2024-03-24,Chicken,3,36.45,49.0,0.0,0.0,56.45
2024-03-24,Broccoli,3,50.0,50.0,0.0,0.0,70.0
2024-03-24,Fish,3,44.58,46.0,0.0,0.0,64.58
2024-03-31,Rice,3,46.0,46.0,0.0,0.0,66.0
2024-03-31,Cooking Cream,3,47.0,42.2,10.11,4.8,52.09
2024-03-31,Chicken,3,49.0,46.4,0.0,2.6,66.4
2024-03-31,Broccoli,3,52.0,39.23,0.0,12.77,59.23
2024-03-31,Fish,3,51.0,51.0,0.0,0.0,71.0
2024-04-07,Rice,4,52.0,39.32,0.0,12.68,59.32
2024-04-07,Cooking Cream,4,53.0,43.37,4.8,9.63,58.57
2024-04-07,Chicken,4,48.4,51.0,0.0,0.0,68.4
2024-04-07,Broccoli,4,40.23,46.03,0.0,6.97,53.26
2024-04-07,Fish,4,47.0,47.0,0.0,0.0,67.0
2024-04-14,Rice,4,34.32,47.0,0.0,0.0,54.32
2024-04-14,Cooking Cream,4,52.0,48.62,9.63,3.38,58.99
2024-04-14,Chicken,4,45.0,45.0,0.0,0.0,65.0
2024-04-14,Broccoli,4,42.03,44.5,0.0,4.5,57.53
2024-04-14,Fish,4,48.0,39.64,0.0,8.36,59.64
2024-04-21,Rice,4,50.0,35.36,0.0,14.64,55.36
2024-04-21,Cooking Cream,4,49.0,49.0,3.38,0.0,65.62
2024-04-21,Chicken,4,49.0,49.0,0.0,0.0,69.0
2024-04-21,Broccoli,4,46.5,47.82,0.0,3.18,63.33
2024-04-21,Fish,4,43.64,52.0,0.0,0.0,63.64
2024-04-28,Rice,4,35.36,50.0,0.0,0.0,55.36
2024-04-28,Cooking Cream,4,49.0,48.38,0.0,0.62,68.38
2024-04-28,Chicken,4,49.0,49.0,0.0,0.0,69.0
2024-04-28,Broccoli,4,41.82,45.0,0.0,0.0,61.82
2024-04-28,Fish,4,55.0,45.03,0.0,9.97,65.03
2024-05-05,Rice,5,47.0,47.0,0.0,0.0,67.0
2024-05-05,Cooking Cream,5,49.0,49.0,0.62,0.0,68.38
2024-05-05,Chicken,5,54.0,49.39,0.0,4.61,69.39
2024-05-05,Broccoli,5,54.0,54.0,0.0,0.0,74.0
2024-05-05,Fish,5,39.03,49.0,0.0,0.0,59.03
2024-05-12,Rice,5,47.0,36.51,0.0,10.49,56.51
2024-05-12,Cooking Cream,5,54.0,52.79,0.0,1.21,72.79
2024-05-12,Chicken,5,50.39,55.0,0.0,0.0,70.39
2024-05-12,Broccoli,5,51.0,51.0,0.0,0.0,71.0
2024-05-12,Fish,5,45.0,39.65,0.0,5.35,59.65
2024-05-19,Rice,5,35.51,45.05,0.0,0.95,54.56
2024-05-19,Cooking Cream,5,47.0,39.23,1.21,7.77,58.02
2024-05-19,Chicken,5,53.0,25.44,0.0,27.56,45.44
2024-05-19,Broccoli,5,45.0,36.16,0.0,8.84,56.16
2024-05-19,Fish,5,40.65,46.0,0.0,0.0,60.65
2024-05-26,Rice,5,54.05,46.81,0.0,8.19,65.86
2024-05-26,Cooking Cream,5,46.0,46.0,7.77,0.0,58.23
2024-05-26,Chicken,5,27.44,40.35,0.0,14.65,32.79
2024-05-26,Broccoli,5,45.16,51.25,0.0,2.75,62.41
2024-05-26,Fish,5,49.0,49.0,0.0,0.0,69.0
2024-06-02,Rice,6,41.81,35.23,0.0,14.77,47.03
2024-06-02,Cooking Cream,6,51.0,41.18,0.0,9.82,61.18
2024-06-02,Chicken,6,33.35,48.0,0.0,0.0,53.35
2024-06-02,Broccoli,6,45.25,48.0,0.0,0.0,65.25
2024-06-02,Fish,6,55.0,47.59,0.0,7.41,67.59
2024-06-09,Rice,6,31.23,46.0,0.0,0.0,51.23
2024-06-09,Cooking Cream,6,55.0,55.0,9.82,0.0,65.18
2024-06-09,Chicken,6,50.0,46.88,0.0,3.12,66.88
2024-06-09,Broccoli,6,54.0,54.0,0.0,0.0,74.0
2024-06-09,Fish,6,43.59,44.48,0.0,6.52,57.07
2024-06-16,Rice,6,46.0,41.63,0.0,4.37,61.63
2024-06-16,Cooking Cream,6,50.0,33.14,0.0,16.86,53.14
2024-06-16,Chicken,6,51.88,54.62,0.0,0.38,71.5
2024-06-16,Broccoli,6,48.0,32.93,0.0,15.07,52.93
2024-06-16,Fish,6,47.48,42.36,0.0,11.64,55.84
2024-06-23,Rice,6,47.63,48.38,0.0,3.62,64.01
2024-06-23,Cooking Cream,6,55.0,55.0,16.86,0.0,58.14
2024-06-23,Chicken,6,49.62,50.0,0.0,0.0,69.62
2024-06-23,Broccoli,6,37.93,49.77,0.0,3.23,54.7
2024-06-23,Fish,6,43.36,55.0,0.0,0.0,63.36
2024-06-30,Rice,6,50.38,54.0,0.0,0.0,70.38
2024-06-30,Cooking Cream,6,49.0,32.71,0.0,16.29,52.71
2024-06-30,Chicken,6,47.0,47.0,0.0,0.0,67.0
2024-06-30,Broccoli,6,43.77,47.0,0.0,0.0,63.77
2024-06-30,Fish,6,51.0,46.46,0.0,4.54,66.46
2024-07-07,Rice,7,54.0,53.5,0.0,0.5,73.5
2024-07-07,Cooking Cream,7,50.0,50.0,16.29,0.0,53.71
2024-07-07,Chicken,7,45.0,45.0,0.0,0.0,65.0
2024-07-07,Broccoli,7,45.0,45.0,0.0,0.0,65.0
2024-07-07,Fish,7,42.46,41.27,0.0,5.73,56.73
2024-07-14,Rice,7,46.5,47.0,0.0,0.0,66.5
2024-07-14,Cooking Cream,7,49.0,49.0,0.0,0.0,69.0
2024-07-14,Chicken,7,51.0,51.0,0.0,0.0,71.0
2024-07-14,Broccoli,7,52.0,49.84,0.0,2.16,69.84
2024-07-14,Fish,7,43.27,49.0,0.0,0.0,63.27
2024-07-21,Rice,7,54.0,34.51,0.0,19.49,54.51
2024-07-21,Cooking Cream,7,52.0,49.64,0.0,2.36,69.64
2024-07-21,Chicken,7,45.0,45.0,0.0,0.0,65.0
2024-07-21,Broccoli,7,52.84,54.84,0.0,0.16,72.68
2024-07-21,Fish,7,47.0,43.75,0.0,3.25,63.75
2024-07-28,Rice,7,26.51,46.0,0.0,0.0,46.51
2024-07-28,Cooking Cream,7,50.0,50.0,2.36,0.0,67.64
2024-07-28,Chicken,7,49.0,31.81,0.0,17.19,51.81
2024-07-28,Broccoli,7,48.84,41.03,0.0,7.97,60.87
2024-07-28,Fish,7,46.75,50.0,0.0,0.0,66.75
2024-08-04,Rice,8,49.0,49.0,0.0,0.0,69.0
2024-08-04,Cooking Cream,8,45.0,45.0,0.0,0.0,65.0
2024-08-04,Chicken,8,28.81,46.0,0.0,0.0,48.81
2024-08-04,Broccoli,8,37.03,45.0,0.0,0.0,57.03
2024-08-04,Fish,8,45.0,45.0,0.0,0.0,65.0
2024-08-11,Rice,8,45.0,45.0,0.0,0.0,65.0
2024-08-11,Cooking Cream,8,50.0,50.0,0.0,0.0,70.0
2024-08-11,Chicken,8,55.0,55.0,0.0,0.0,75.0
2024-08-11,Broccoli,8,53.0,41.41,0.0,11.59,61.41
2024-08-11,Fish,8,48.0,45.72,0.0,2.28,65.72
2024-08-18,Rice,8,47.0,47.0,0.0,0.0,67.0
2024-08-18,Cooking Cream,8,46.0,46.0,0.0,0.0,66.0
2024-08-18,Chicken,8,47.0,47.0,0.0,0.0,67.0
2024-08-18,Broccoli,8,40.41,50.16,0.0,1.84,58.57
2024-08-18,Fish,8,52.72,46.5,0.0,8.5,64.21
2024-08-25,Rice,8,55.0,54.82,0.0,0.18,74.82
2024-08-25,Cooking Cream,8,52.0,52.0,0.0,0.0,72.0
2024-08-25,Chicken,8,46.0,46.0,0.0,0.0,66.0
2024-08-25,Broccoli,8,45.16,39.38,0.0,7.62,57.54
2024-08-25,Fish,8,45.5,42.05,0.0,11.95,53.55
2024-09-01,Rice,9,51.82,48.46,0.0,3.54,68.28
2024-09-01,Cooking Cream,9,50.0,50.0,0.0,0.0,70.0
2024-09-01,Chicken,9,47.0,38.94,0.0,8.06,58.94
2024-09-01,Broccoli,9,43.38,51.0,0.0,0.0,63.38
2024-09-01,Fish,9,38.05,49.2,0.0,0.8,57.25
2024-09-08,Rice,9,44.46,48.0,0.0,0.0,64.46
2024-09-08,Cooking Cream,9,54.0,54.0,0.0,0.0,74.0
2024-09-08,Chicken,9,39.94,46.43,0.0,1.57,58.37
2024-09-08,Broccoli,9,55.0,55.0,0.0,0.0,75.0
2024-09-08,Fish,9,53.2,42.1,0.0,11.9,61.3
2024-09-15,Rice,9,55.0,41.57,0.0,13.43,61.57
2024-09-15,Cooking Cream,9,45.0,45.0,0.0,0.0,65.0
2024-09-15,Chicken,9,44.43,46.0,0.0,0.0,64.43
2024-09-15,Broccoli,9,50.0,40.32,0.0,9.68,60.32
2024-09-15,Fish,9,36.1,48.0,0.0,0.0,56.1
2024-09-22,Rice,9,41.57,55.0,0.0,0.0,61.57
2024-09-22,Cooking Cream,9,50.0,50.0,0.0,0.0,70.0
2024-09-22,Chicken,9,46.0,41.25,0.0,4.75,61.25
2024-09-22,Broccoli,9,36.32,46.0,0.0,0.0,56.32
2024-09-22,Fish,9,45.0,45.0,0.0,0.0,65.0
2024-09-29,Rice,9,47.0,28.81,0.0,18.19,48.81
2024-09-29,Cooking Cream,9,51.0,51.0,0.0,0.0,71.0
2024-09-29,Chicken,9,44.25,49.0,0.0,0.0,64.25
2024-09-29,Broccoli,9,51.0,51.0,0.0,0.0,71.0
2024-09-29,Fish,9,55.0,55.0,0.0,0.0,75.0
2024-10-06,Rice,10,48.81,53.84,0.0,13.16,55.64
2024-10-06,Cooking Cream,10,74.0,47.19,0.0,26.81,67.19
2024-10-06,Chicken,10,73.0,36.07,0.0,36.93,56.07
2024-10-06,Broccoli,10,65.0,41.34,0.0,23.66,61.34
2024-10-06,Fish,10,70.0,64.59,0.0,5.41,84.59
2024-10-13,Rice,10,52.84,51.8,0.0,14.2,58.64
2024-10-13,Cooking Cream,10,71.0,31.68,26.81,39.32,24.87
2024-10-13,Chicken,10,37.07,46.9,0.0,27.1,29.97
2024-10-13,Broccoli,10,46.34,54.68,0.0,15.32,51.03
2024-10-13,Fish,10,61.59,45.2,0.0,21.8,59.8
2024-10-20,Rice,10,56.8,29.19,0.0,41.81,34.99
2024-10-20,Cooking Cream,10,70.0,36.58,39.32,33.42,17.26
2024-10-20,Chicken,10,37.9,50.43,0.0,14.57,43.33
2024-10-20,Broccoli,10,52.68,48.76,0.0,19.24,53.44
2024-10-20,Fish,10,46.2,39.97,0.0,28.03,38.17
2024-10-27,Rice,10,23.19,55.45,0.0,9.55,33.63
2024-10-27,Cooking Cream,10,68.0,55.82,33.42,12.18,42.4
2024-10-27,Chicken,10,60.43,50.68,0.0,24.32,56.11
2024-10-27,Broccoli,10,50.76,51.79,0.0,18.21,52.55
2024-10-27,Fish,10,37.97,46.15,0.0,19.85,38.12
2024-11-03,Rice,11,42.45,52.0,0.0,0.0,62.45
2024-11-03,Cooking Cream,11,55.0,55.0,12.18,0.0,62.82
2024-11-03,Chicken,11,24.68,49.0,0.0,0.0,44.68
2024-11-03,Broccoli,11,34.79,48.63,0.0,4.37,50.42
2024-11-03,Fish,11,27.15,47.0,0.0,0.0,47.15
2024-11-10,Rice,11,54.0,54.0,0.0,0.0,74.0
2024-11-10,Cooking Cream,11,46.0,37.54,0.0,8.46,57.54
2024-11-10,Chicken,11,50.0,50.0,0.0,0.0,70.0
2024-11-10,Broccoli,11,40.63,45.0,0.0,0.0,60.63
2024-11-10,Fish,11,45.0,45.0,0.0,0.0,65.0
2024-11-17,Rice,11,51.0,51.0,0.0,0.0,71.0
2024-11-17,Cooking Cream,11,47.0,47.0,8.46,0.0,58.54
2024-11-17,Chicken,11,55.0,52.51,0.0,2.49,72.51
2024-11-17,Broccoli,11,46.0,46.0,0.0,0.0,66.0
2024-11-17,Fish,11,55.0,31.86,0.0,23.14,51.86
2024-11-24,Rice,11,45.0,45.0,0.0,0.0,65.0
2024-11-24,Cooking Cream,11,46.0,46.0,0.0,0.0,66.0
2024-11-24,Chicken,11,51.51,54.0,0.0,0.0,71.51
2024-11-24,Broccoli,11,55.0,39.04,0.0,15.96,59.04
2024-11-24,Fish,11,28.86,51.32,0.0,0.68,48.18
2024-12-01,Rice,12,68.0,51.34,0.0,16.66,71.34
2024-12-01,Cooking Cream,12,71.0,48.38,0.0,22.62,68.38
2024-12-01,Chicken,12,71.0,48.89,0.0,22.11,68.89
2024-12-01,Broccoli,12,57.04,53.15,0.0,19.85,57.19
2024-12-01,Fish,12,70.32,64.07,0.0,6.93,83.39
2024-12-08,Rice,12,52.34,56.78,0.0,12.22,60.12
2024-12-08,Cooking Cream,12,72.0,35.01,22.62,36.99,32.39
2024-12-08,Chicken,12,52.89,39.69,0.0,35.31,37.57
2024-12-08,Broccoli,12,54.15,61.41,0.0,12.59,61.56
2024-12-08,Fish,12,63.07,55.57,0.0,14.43,68.64
2024-12-15,Rice,12,55.78,42.56,0.0,25.44,50.34
2024-12-15,Cooking Cream,12,65.0,65.0,36.99,0.0,48.01
2024-12-15,Chicken,12,37.69,70.35,0.0,2.65,55.04
2024-12-15,Broccoli,12,58.41,39.93,0.0,31.07,47.34
2024-12-15,Fish,12,52.57,47.67,0.0,19.33,53.23
2024-12-22,Rice,12,46.56,47.82,0.0,24.18,42.39
2024-12-22,Cooking Cream,12,66.0,43.18,0.0,22.82,63.18
2024-12-22,Chicken,12,68.35,48.18,0.0,22.82,65.52
2024-12-22,Broccoli,12,40.93,42.93,0.0,29.07,31.86
2024-12-22,Fish,12,53.67,21.42,0.0,51.58,22.09
2024-12-29,Rice,12,42.82,58.02,0.0,8.98,53.84
2024-12-29,Cooking Cream,12,72.0,34.59,22.82,37.41,31.77
2024-12-29,Chicken,12,51.18,64.41,0.0,9.59,61.58
2024-12-29,Broccoli,12,40.93,40.06,0.0,29.94,30.99
2024-12-29,Fish,12,15.42,61.32,0.0,5.68,29.74
2025-01-05,Rice,1,42.02,43.08,0.0,7.92,54.09
2025-01-05,Cooking Cream,1,49.0,47.08,37.41,1.92,29.67
2025-01-05,Chicken,1,39.41,45.24,0.0,3.76,55.65
2025-01-05,Broccoli,1,23.06,53.0,0.0,0.0,43.06
2025-01-05,Fish,1,44.32,40.83,0.0,9.17,55.15
2025-01-12,Rice,1,44.08,42.89,0.0,9.11,54.96
2025-01-12,Cooking Cream,1,47.0,42.09,1.92,4.91,60.17
2025-01-12,Chicken,1,43.24,47.0,0.0,0.0,63.24
2025-01-12,Broccoli,1,55.0,55.0,0.0,0.0,75.0
2025-01-12,Fish,1,41.83,49.88,0.0,1.12,60.71
2025-01-19,Rice,1,40.89,42.25,0.0,7.75,53.14
2025-01-19,Cooking Cream,1,53.0,53.0,4.91,0.0,68.09
2025-01-19,Chicken,1,50.0,50.0,0.0,0.0,70.0
2025-01-19,Broccoli,1,52.0,52.0,0.0,0.0,72.0
2025-01-19,Fish,1,53.88,41.32,0.0,13.68,60.2
2025-01-26,Rice,1,40.25,37.89,0.0,10.11,50.14
2025-01-26,Cooking Cream,1,51.0,44.08,0.0,6.92,64.08
2025-01-26,Chicken,1,47.0,38.49,0.0,8.51,58.49
2025-01-26,Broccoli,1,46.0,46.0,0.0,0.0,66.0
2025-01-26,Fish,1,39.32,52.92,0.0,0.08,59.24
2025-02-02,Rice,2,43.89,47.36,0.0,6.64,57.25
2025-02-02,Cooking Cream,2,52.0,51.1,6.92,0.9,64.18
2025-02-02,Chicken,2,37.49,29.47,0.0,16.53,40.96
2025-02-02,Broccoli,2,49.0,39.76,0.0,9.24,59.76
2025-02-02,Fish,2,46.92,47.0,0.0,0.0,66.92
2025-02-09,Rice,2,43.36,46.49,0.0,3.51,59.85
2025-02-09,Cooking Cream,2,55.0,22.36,0.9,32.64,41.47
2025-02-09,Chicken,2,35.47,52.0,0.0,0.0,55.47
2025-02-09,Broccoli,2,41.76,37.52,0.0,13.48,48.28
2025-02-09,Fish,2,48.0,42.75,0.0,5.25,62.75
2025-02-16,Rice,2,48.49,20.62,0.0,31.38,37.11
2025-02-16,Cooking Cream,2,53.0,40.59,32.64,12.41,27.95
2025-02-16,Chicken,2,45.0,45.0,0.0,0.0,65.0
2025-02-16,Broccoli,2,39.52,45.69,0.0,7.31,52.2
2025-02-16,Fish,2,45.75,51.0,0.0,0.0,65.75
2025-02-23,Rice,2,22.62,53.34,0.0,0.66,41.97
2025-02-23,Cooking Cream,2,50.0,41.26,12.41,8.74,48.85
2025-02-23,Chicken,2,52.0,52.0,0.0,0.0,72.0
2025-02-23,Broccoli,2,44.69,50.53,0.0,1.47,63.22
2025-02-23,Fish,2,50.0,40.1,0.0,9.9,60.1
2025-03-02,Rice,3,54.34,41.83,0.0,13.17,61.18
2025-03-02,Cooking Cream,3,50.0,50.0,8.74,0.0,61.26
2025-03-02,Chicken,3,46.0,46.0,0.0,0.0,66.0
2025-03-02,Broccoli,3,43.53,45.0,0.0,0.0,63.53
2025-03-02,Fish,3,39.1,49.0,0.0,0.0,59.1
2025-03-09,Rice,3,41.83,55.0,0.0,0.0,61.83
2025-03-09,Cooking Cream,3,47.0,47.0,0.0,0.0,67.0
2025-03-09,Chicken,3,46.0,46.0,0.0,0.0,66.0
2025-03-09,Broccoli,3,51.0,51.0,0.0,0.0,71.0
2025-03-09,Fish,3,54.0,41.94,0.0,12.06,61.94
2025-03-16,Rice,3,50.0,50.0,0.0,0.0,70.0
2025-03-16,Cooking Cream,3,55.0,51.14,0.0,3.86,71.14
2025-03-16,Chicken,3,48.0,44.73,0.0,3.27,64.73
2025-03-16,Broccoli,3,50.0,50.0,0.0,0.0,70.0
2025-03-16,Fish,3,40.94,50.55,0.0,2.45,58.49
2025-03-23,Rice,3,46.0,46.0,0.0,0.0,66.0
2025-03-23,Cooking Cream,3,53.0,53.0,3.86,0.0,69.14
2025-03-23,Chicken,3,49.73,42.73,0.0,10.27,59.46
2025-03-23,Broccoli,3,48.0,48.0,0.0,0.0,68.0
2025-03-23,Fish,3,45.55,48.0,0.0,0.0,65.55
2025-03-30,Rice,3,54.0,43.2,0.0,10.8,63.2
2025-03-30,Cooking Cream,3,54.0,53.31,0.0,0.69,73.31
2025-03-30,Chicken,3,35.73,46.0,0.0,0.0,55.73
2025-03-30,Broccoli,3,52.0,41.8,0.0,10.2,61.8
2025-03-30,Fish,3,52.0,49.49,0.0,2.51,69.49
2025-04-06,Rice,4,36.2,47.0,0.0,0.0,56.2
2025-04-06,Cooking Cream,4,53.0,44.03,0.69,8.97,63.34
2025-04-06,Chicken,4,53.0,53.0,0.0,0.0,73.0
2025-04-06,Broccoli,4,38.8,48.01,0.0,0.99,57.81
2025-04-06,Fish,4,46.49,49.0,0.0,0.0,66.49
2025-04-13,Rice,4,47.0,39.61,0.0,7.39,59.61
2025-04-13,Cooking Cream,4,50.0,48.08,8.97,1.92,59.11
2025-04-13,Chicken,4,53.0,41.68,0.0,11.32,61.68
2025-04-13,Broccoli,4,47.01,45.46,0.0,2.54,64.47
2025-04-13,Fish,4,55.0,37.13,0.0,17.87,57.13
2025-04-20,Rice,4,38.61,46.0,0.0,0.0,58.61
2025-04-20,Cooking Cream,4,50.0,50.0,1.92,0.0,68.08
2025-04-20,Chicken,4,38.68,48.21,0.0,1.79,56.89
2025-04-20,Broccoli,4,52.46,34.99,0.0,20.01,52.45
2025-04-20,Fish,4,36.13,27.04,0.0,26.96,29.17
2025-04-27,Rice,4,47.0,45.93,0.0,1.07,65.93
2025-04-27,Cooking Cream,4,47.0,47.0,0.0,0.0,67.0
2025-04-27,Chicken,4,53.21,39.49,0.0,15.51,57.7
2025-04-27,Broccoli,4,34.99,48.76,0.0,6.24,48.75
2025-04-27,Fish,4,22.04,47.02,0.0,1.98,40.06
2025-05-04,Rice,5,47.93,44.47,0.0,4.53,63.41
2025-05-04,Cooking Cream,5,53.0,43.57,0.0,9.43,63.57
2025-05-04,Chicken,5,37.49,36.8,0.0,16.2,41.29
2025-05-04,Broccoli,5,39.76,46.0,0.0,0.0,59.76
2025-05-04,Fish,5,43.02,37.9,0.0,7.1,55.92
2025-05-11,Rice,5,41.47,46.0,0.0,0.0,61.47
2025-05-11,Cooking Cream,5,53.0,53.0,9.43,0.0,63.57
2025-05-11,Chicken,5,32.8,49.0,0.0,0.0,52.8
2025-05-11,Broccoli,5,52.0,48.64,0.0,3.36,68.64
2025-05-11,Fish,5,42.9,31.61,0.0,18.39,44.52
2025-05-18,Rice,5,45.0,45.0,0.0,0.0,65.0
2025-05-18,Cooking Cream,5,47.0,47.0,0.0,0.0,67.0
2025-05-18,Chicken,5,45.0,43.68,0.0,1.32,63.68
2025-05-18,Broccoli,5,46.64,48.7,0.0,1.3,65.35
2025-05-18,Fish,5,31.61,37.58,0.0,12.42,39.19
2025-05-25,Rice,5,51.0,39.54,0.0,11.46,59.54
2025-05-25,Cooking Cream,5,46.0,42.88,0.0,3.12,62.88
2025-05-25,Chicken,5,48.68,42.05,0.0,7.95,60.74
2025-05-25,Broccoli,5,52.7,42.56,0.0,11.44,61.26
2025-05-25,Fish,5,41.58,46.09,0.0,7.91,53.68
2025-06-01,Rice,6,41.54,52.25,0.0,0.75,60.79
2025-06-01,Cooking Cream,6,53.0,53.0,3.12,0.0,69.88
2025-06-01,Chicken,6,44.05,45.67,0.0,6.33,57.72
2025-06-01,Broccoli,6,40.56,52.0,0.0,0.0,60.56
2025-06-01,Fish,6,41.09,49.0,0.0,0.0,61.09
2025-06-08,Rice,6,49.25,31.58,0.0,18.42,50.83
2025-06-08,Cooking Cream,6,45.0,45.0,0.0,0.0,65.0
2025-06-08,Chicken,6,48.67,40.92,0.0,14.08,54.59
2025-06-08,Broccoli,6,54.0,42.41,0.0,11.59,62.41
2025-06-08,Fish,6,55.0,55.0,0.0,0.0,75.0
2025-06-15,Rice,6,36.58,33.51,0.0,21.49,35.09
2025-06-15,Cooking Cream,6,52.0,34.85,0.0,17.15,54.85
2025-06-15,Chicken,6,33.92,44.82,0.0,3.18,50.74
2025-06-15,Broccoli,6,33.41,45.0,0.0,0.0,53.41
2025-06-15,Fish,6,53.0,33.58,0.0,19.42,53.58
2025-06-22,Rice,6,23.51,45.0,0.0,0.0,43.51
2025-06-22,Cooking Cream,6,53.0,53.0,17.15,0.0,55.85
2025-06-22,Chicken,6,48.82,40.49,0.0,11.51,57.31
2025-06-22,Broccoli,6,48.0,47.94,0.0,0.06,67.94
2025-06-22,Fish,6,25.58,45.0,0.0,0.0,45.58
2025-06-29,Rice,6,48.0,48.0,0.0,0.0,68.0
2025-06-29,Cooking Cream,6,51.0,51.0,0.0,0.0,71.0
2025-06-29,Chicken,6,40.49,35.69,0.0,16.31,44.18
2025-06-29,Broccoli,6,50.94,51.0,0.0,0.0,70.94
2025-06-29,Fish,6,55.0,51.11,0.0,3.89,71.11
2025-07-06,Rice,7,49.0,49.0,0.0,0.0,69.0
2025-07-06,Cooking Cream,7,52.0,52.0,0.0,0.0,72.0
2025-07-06,Chicken,7,37.69,54.0,0.0,0.0,57.69
2025-07-06,Broccoli,7,47.0,41.3,0.0,5.7,61.3
2025-07-06,Fish,7,43.11,47.0,0.0,0.0,63.11
2025-07-13,Rice,7,49.0,49.0,0.0,0.0,69.0
2025-07-13,Cooking Cream,7,50.0,40.43,0.0,9.57,60.43
2025-07-13,Chicken,7,47.0,32.08,0.0,14.92,52.08
2025-07-13,Broccoli,7,42.3,48.0,0.0,0.0,62.3
2025-07-13,Fish,7,53.0,53.0,0.0,0.0,73.0
2025-07-20,Rice,7,48.0,48.0,0.0,0.0,68.0
2025-07-20,Cooking Cream,7,51.0,51.0,9.57,0.0,61.43
2025-07-20,Chicken,7,33.08,48.0,0.0,0.0,53.08
2025-07-20,Broccoli,7,54.0,25.9,0.0,28.1,45.9
2025-07-20,Fish,7,52.0,37.53,0.0,14.47,57.53
2025-07-27,Rice,7,47.0,47.0,0.0,0.0,67.0
2025-07-27,Cooking Cream,7,55.0,55.0,0.0,0.0,75.0
2025-07-27,Chicken,7,47.0,47.0,0.0,0.0,67.0
2025-07-27,Broccoli,7,19.9,48.0,0.0,0.0,39.9
2025-07-27,Fish,7,39.53,54.0,0.0,0.0,59.53
2025-08-03,Rice,8,48.0,44.83,0.0,3.17,64.83
2025-08-03,Cooking Cream,8,50.0,50.0,0.0,0.0,70.0
2025-08-03,Chicken,8,48.0,48.0,0.0,0.0,68.0
2025-08-03,Broccoli,8,55.0,43.5,0.0,11.5,63.5
2025-08-03,Fish,8,46.0,46.0,0.0,0.0,66.0
2025-08-10,Rice,8,41.83,45.0,0.0,0.0,61.83
2025-08-10,Cooking Cream,8,46.0,43.02,0.0,2.98,63.02
2025-08-10,Chicken,8,54.0,51.28,0.0,2.72,71.28
2025-08-10,Broccoli,8,35.5,43.35,0.0,3.65,51.85
2025-08-10,Fish,8,52.0,36.2,0.0,15.8,56.2
2025-08-17,Rice,8,46.0,46.0,0.0,0.0,66.0
2025-08-17,Cooking Cream,8,51.0,45.16,2.98,5.84,62.18
2025-08-17,Chicken,8,48.28,43.85,0.0,7.15,61.13
2025-08-17,Broccoli,8,50.35,27.5,0.0,26.5,43.85
2025-08-17,Fish,8,30.2,43.72,0.0,2.28,47.92
2025-08-24,Rice,8,47.0,43.36,0.0,3.64,63.36
2025-08-24,Cooking Cream,8,52.0,44.86,5.84,7.14,59.02
2025-08-24,Chicken,8,46.85,39.72,0.0,14.28,52.57
2025-08-24,Broccoli,8,18.5,40.84,0.0,4.16,34.34
2025-08-24,Fish,8,42.72,45.0,0.0,0.0,62.72
2025-08-31,Rice,8,46.36,50.0,0.0,0.0,66.36
2025-08-31,Cooking Cream,8,47.0,47.0,7.14,0.0,59.86
2025-08-31,Chicken,8,40.72,55.0,0.0,0.0,60.72
2025-08-31,Broccoli,8,46.84,51.0,0.0,0.0,66.84
2025-08-31,Fish,8,51.0,51.0,0.0,0.0,71.0
2025-09-07,Rice,9,45.0,45.0,0.0,0.0,65.0
2025-09-07,Cooking Cream,9,55.0,50.4,0.0,4.6,70.4
2025-09-07,Chicken,9,46.0,46.0,0.0,0.0,66.0
2025-09-07,Broccoli,9,55.0,55.0,0.0,0.0,75.0
2025-09-07,Fish,9,50.0,42.82,0.0,7.18,62.82
2025-09-14,Rice,9,45.0,45.0,0.0,0.0,65.0
2025-09-14,Cooking Cream,9,52.0,43.29,4.6,8.71,58.69
2025-09-14,Chicken,9,55.0,41.01,0.0,13.99,61.01
2025-09-14,Broccoli,9,50.0,44.73,0.0,5.27,64.73
2025-09-14,Fish,9,37.82,45.0,0.0,0.0,57.82
2025-09-21,Rice,9,47.0,29.0,0.0,18.0,49.0
2025-09-21,Cooking Cream,9,47.0,47.0,8.71,0.0,58.29
2025-09-21,Chicken,9,38.01,46.04,0.0,5.96,52.05
2025-09-21,Broccoli,9,47.73,28.96,0.0,24.04,43.68
2025-09-21,Fish,9,54.0,41.08,0.0,12.92,61.08
2025-09-28,Rice,9,29.0,47.0,0.0,0.0,49.0
2025-09-28,Cooking Cream,9,45.0,40.09,0.0,4.91,60.09
2025-09-28,Chicken,9,44.04,50.0,0.0,0.0,64.04
2025-09-28,Broccoli,9,21.96,44.52,0.0,1.48,40.48
2025-09-28,Fish,9,38.08,31.58,0.0,19.42,38.65
2025-10-05,Rice,10,73.0,49.28,0.0,23.72,69.28
2025-10-05,Cooking Cream,10,69.0,53.99,4.91,15.01,69.07
2025-10-05,Chicken,10,74.0,51.89,0.0,22.11,71.89
2025-10-05,Broccoli,10,65.52,53.82,0.0,13.18,72.34
2025-10-05,Fish,10,49.58,39.22,0.0,29.78,39.8
2025-10-12,Rice,10,41.28,65.0,0.0,0.0,61.28
2025-10-12,Cooking Cream,10,67.0,55.2,15.01,11.8,60.19
2025-10-12,Chicken,10,52.89,38.42,0.0,36.58,36.31
2025-10-12,Broccoli,10,61.82,43.86,0.0,31.14,50.68
2025-10-12,Fish,10,36.22,59.4,0.0,6.6,49.62
2025-10-19,Rice,10,68.0,39.94,0.0,28.06,59.94
2025-10-19,Cooking Cream,10,68.0,59.17,11.8,8.83,67.38
2025-10-19,Chicken,10,38.42,58.58,0.0,16.42,42.0
2025-10-19,Broccoli,10,41.86,60.69,0.0,12.31,49.55
2025-10-19,Fish,10,67.4,48.7,0.0,25.3,62.1
2025-10-26,Rice,10,46.94,56.34,0.0,18.66,48.28
2025-10-26,Cooking Cream,10,70.0,38.96,8.83,31.04,50.13
2025-10-26,Chicken,10,58.58,49.91,0.0,25.09,53.49
2025-10-26,Broccoli,10,53.69,41.33,0.0,24.67,49.02
2025-10-26,Fish,10,41.7,49.2,0.0,17.8,43.91
2025-11-02,Rice,11,31.34,50.0,0.0,0.0,51.34
2025-11-02,Cooking Cream,11,52.0,52.0,31.04,0.0,40.96
2025-11-02,Chicken,11,24.91,35.65,0.0,14.35,30.56
2025-11-02,Broccoli,11,27.33,37.74,0.0,14.26,33.07
2025-11-02,Fish,11,32.2,31.14,0.0,18.86,33.35
2025-11-09,Rice,11,45.0,45.0,0.0,0.0,65.0
2025-11-09,Cooking Cream,11,50.0,34.04,0.0,15.96,54.04
2025-11-09,Chicken,11,30.65,34.46,0.0,10.54,40.1
2025-11-09,Broccoli,11,40.74,45.27,0.0,9.73,51.01
2025-11-09,Fish,11,32.14,36.49,0.0,14.51,37.63
2025-11-16,Rice,11,54.0,49.34,0.0,4.66,69.34
2025-11-16,Cooking Cream,11,49.0,49.0,15.96,0.0,53.04
2025-11-16,Chicken,11,43.46,54.0,0.0,0.0,63.46
2025-11-16,Broccoli,11,35.27,42.4,0.0,2.6,52.66
2025-11-16,Fish,11,34.49,36.98,0.0,12.02,42.47
2025-11-23,Rice,11,46.34,51.0,0.0,0.0,66.34
2025-11-23,Cooking Cream,11,47.0,42.54,0.0,4.46,62.54
2025-11-23,Chicken,11,51.0,45.09,0.0,5.91,65.09
2025-11-23,Broccoli,11,51.4,42.19,0.0,11.81,59.58
2025-11-23,Fish,11,38.98,45.18,0.0,5.82,53.16
2025-11-30,Rice,11,46.0,46.0,0.0,0.0,66.0
2025-11-30,Cooking Cream,11,46.0,46.0,4.46,0.0,61.54
2025-11-30,Chicken,11,47.09,53.0,0.0,0.0,67.09
2025-11-30,Broccoli,11,40.19,52.0,0.0,0.0,60.19
2025-11-30,Fish,11,45.18,38.3,0.0,12.7,52.47
2025-12-07,Rice,12,65.0,56.8,0.0,8.2,76.8
2025-12-07,Cooking Cream,12,73.0,65.38,0.0,7.62,85.38
2025-12-07,Chicken,12,75.0,48.94,0.0,26.06,68.94
2025-12-07,Broccoli,12,69.0,41.66,0.0,27.34,61.66
2025-12-07,Fish,12,60.3,41.85,0.0,31.15,49.14
2025-12-14,Rice,12,65.8,28.07,0.0,45.93,39.87
2025-12-14,Cooking Cream,12,75.0,51.82,7.62,23.18,64.2
2025-12-14,Chicken,12,48.94,45.91,0.0,29.09,39.85
2025-12-14,Broccoli,12,43.66,68.72,0.0,2.28,61.38
2025-12-14,Fish,12,42.85,44.78,0.0,29.22,33.62
2025-12-21,Rice,12,29.07,45.97,0.0,29.03,20.03
2025-12-21,Cooking Cream,12,73.0,51.97,23.18,21.03,48.79
2025-12-21,Chicken,12,35.91,44.92,0.0,20.08,35.83
2025-12-21,Broccoli,12,64.72,32.19,0.0,34.81,49.91
2025-12-21,Fish,12,40.78,42.13,0.0,27.87,32.9
2025-12-28,Rice,12,36.97,47.75,0.0,18.25,38.72
2025-12-28,Cooking Cream,12,70.0,50.09,21.03,19.91,49.07
2025-12-28,Chicken,12,53.92,48.32,0.0,25.68,48.23
2025-12-28,Broccoli,12,31.19,42.52,0.0,23.48,27.71
2025-12-28,Fish,12,41.13,45.41,0.0,23.59,37.53
2026-01-04,Rice,1,26.75,45.0,0.0,0.0,46.75
2026-01-04,Cooking Cream,1,47.0,45.36,19.91,1.64,45.45
2026-01-04,Chicken,1,26.32,52.0,0.0,0.0,46.32
2026-01-04,Broccoli,1,22.52,46.0,0.0,0.0,42.52
2026-01-04,Fish,1,30.41,54.0,0.0,0.0,50.41
2026-01-11,Rice,1,52.0,52.0,0.0,0.0,72.0
2026-01-11,Cooking Cream,1,53.0,53.0,1.64,0.0,71.36
2026-01-11,Chicken,1,48.0,47.61,0.0,0.39,67.61
2026-01-11,Broccoli,1,46.0,46.0,0.0,0.0,66.0
2026-01-11,Fish,1,55.0,52.56,0.0,2.44,72.56
2026-01-18,Rice,1,46.0,46.0,0.0,0.0,66.0
2026-01-18,Cooking Cream,1,52.0,52.0,0.0,0.0,72.0
2026-01-18,Chicken,1,46.61,44.97,0.0,2.03,64.57
2026-01-18,Broccoli,1,52.0,51.97,0.0,0.03,71.97
2026-01-18,Fish,1,45.56,42.29,0.0,5.71,59.84
2026-01-25,Rice,1,50.0,43.35,0.0,6.65,63.35
2026-01-25,Cooking Cream,1,55.0,39.74,0.0,15.26,59.74
2026-01-25,Chicken,1,45.97,36.75,0.0,11.25,54.72
2026-01-25,Broccoli,1,50.97,51.0,0.0,0.0,70.97
2026-01-25,Fish,1,43.29,31.91,0.0,17.09,46.2
2026-02-01,Rice,2,43.35,50.0,0.0,0.0,63.35
2026-02-01,Cooking Cream,2,48.0,48.0,15.26,0.0,52.74
2026-02-01,Chicken,2,40.75,52.0,0.0,0.0,60.75
2026-02-01,Broccoli,2,55.0,55.0,0.0,0.0,75.0
2026-02-01,Fish,2,29.91,47.0,0.0,0.0,49.91
2026-02-08,Rice,2,52.0,52.0,0.0,0.0,72.0
2026-02-08,Cooking Cream,2,54.0,48.37,0.0,5.63,68.37
2026-02-08,Chicken,2,54.0,54.0,0.0,0.0,74.0
2026-02-08,Broccoli,2,45.0,45.0,0.0,0.0,65.0
2026-02-08,Fish,2,45.0,30.36,0.0,14.64,50.36
2026-02-15,Rice,2,53.0,48.9,0.0,4.1,68.9
2026-02-15,Cooking Cream,2,53.0,53.0,5.63,0.0,67.37
2026-02-15,Chicken,2,47.0,37.86,0.0,9.14,57.86
2026-02-15,Broccoli,2,46.0,41.06,0.0,4.94,61.06
2026-02-15,Fish,2,38.36,45.96,0.0,7.04,51.32
2026-02-22,Rice,2,47.9,52.0,0.0,0.0,67.9
2026-02-22,Cooking Cream,2,54.0,43.05,0.0,10.95,63.05
2026-02-22,Chicken,2,41.86,51.0,0.0,0.0,61.86
2026-02-22,Broccoli,2,50.06,42.59,0.0,12.41,57.65
2026-02-22,Fish,2,46.96,54.0,0.0,0.0,66.96
2026-03-01,Rice,3,54.0,37.28,0.0,16.72,57.28
2026-03-01,Cooking Cream,3,51.0,51.0,10.95,0.0,60.05
2026-03-01,Chicken,3,48.0,47.6,0.0,0.4,67.6
2026-03-01,Broccoli,3,40.59,53.0,0.0,0.0,60.59
2026-03-01,Fish,3,50.0,27.7,0.0,22.3,47.7
2026-03-08,Rice,3,37.28,43.5,0.0,10.5,46.79
2026-03-08,Cooking Cream,3,46.0,36.08,0.0,9.92,56.08
2026-03-08,Chicken,3,52.6,49.57,0.0,3.43,69.17
2026-03-08,Broccoli,3,47.0,28.82,0.0,18.18,48.82
2026-03-08,Fish,3,22.7,42.39,0.0,2.61,40.09
2026-03-15,Rice,3,35.5,46.0,0.0,0.0,55.5
2026-03-15,Cooking Cream,3,49.0,49.0,9.92,0.0,59.08
2026-03-15,Chicken,3,47.57,50.82,0.0,0.18,67.39
2026-03-15,Broccoli,3,34.82,40.08,0.0,12.92,41.9
2026-03-15,Fish,3,49.39,52.0,0.0,0.0,69.39
2026-03-22,Rice,3,47.0,44.43,0.0,2.57,64.43
2026-03-22,Cooking Cream,3,48.0,48.0,0.0,0.0,68.0
2026-03-22,Chicken,3,44.82,38.57,0.0,6.43,58.38
2026-03-22,Broccoli,3,41.08,43.87,0.0,10.13,50.94
2026-03-22,Fish,3,52.0,41.59,0.0,10.41,61.59
2026-03-29,Rice,3,45.43,48.0,0.0,0.0,65.43
2026-03-29,Cooking Cream,3,51.0,51.0,0.0,0.0,71.0
2026-03-29,Chicken,3,38.57,45.0,0.0,0.0,58.57
2026-03-29,Broccoli,3,36.87,47.0,0.0,0.0,56.87
2026-03-29,Fish,3,38.59,49.0,0.0,0.0,58.59
2026-04-05,Rice,4,52.0,48.75,0.0,3.25,68.75
2026-04-05,Cooking Cream,4,49.0,49.0,0.0,0.0,69.0
2026-04-05,Chicken,4,53.0,35.01,0.0,17.99,55.01
2026-04-05,Broccoli,4,53.0,53.0,0.0,0.0,73.0
2026-04-05,Fish,4,46.0,38.43,0.0,7.57,58.43
2026-04-12,Rice,4,44.75,35.93,0.0,12.07,52.68
2026-04-12,Cooking Cream,4,52.0,47.87,0.0,4.13,67.87
2026-04-12,Chicken,4,32.01,50.0,0.0,0.0,52.01
2026-04-12,Broccoli,4,49.0,48.42,0.0,0.58,68.42
2026-04-12,Fish,4,39.43,44.27,0.0,2.73,56.7
2026-04-19,Rice,4,36.93,49.0,0.0,0.0,56.93
2026-04-19,Cooking Cream,4,48.0,48.0,4.13,0.0,63.87
2026-04-19,Chicken,4,50.0,50.0,0.0,0.0,70.0
2026-04-19,Broccoli,4,50.42,43.57,0.0,7.43,63.0
2026-04-19,Fish,4,50.27,53.0,0.0,0.0,70.27
2026-04-26,Rice,4,52.0,50.65,0.0,1.35,70.65
2026-04-26,Cooking Cream,4,55.0,55.0,0.0,0.0,75.0
2026-04-26,Chicken,4,51.0,34.84,0.0,16.16,54.84
2026-04-26,Broccoli,4,46.57,43.11,0.0,10.89,55.69
2026-04-26,Fish,4,53.0,45.31,0.0,7.69,65.31
2026-05-03,Rice,5,51.65,33.38,0.0,19.62,52.03
2026-05-03,Cooking Cream,5,54.0,54.0,0.0,0.0,74.0
2026-05-03,Chicken,5,32.84,41.3,0.0,7.7,45.14
2026-05-03,Broccoli,5,41.11,52.0,0.0,0.0,61.11
2026-05-03,Fish,5,46.31,26.47,0.0,27.53,38.78
2026-05-10,Rice,5,32.38,47.65,0.0,4.35,48.03
2026-05-10,Cooking Cream,5,47.0,47.0,0.0,0.0,67.0
2026-05-10,Chicken,5,47.3,55.0,0.0,0.0,67.3
2026-05-10,Broccoli,5,54.0,52.49,0.0,1.51,72.49
2026-05-10,Fish,5,26.47,38.83,0.0,15.17,31.3
2026-05-17,Rice,5,45.65,50.0,0.0,0.0,65.65
2026-05-17,Cooking Cream,5,51.0,47.82,0.0,3.18,67.82
2026-05-17,Chicken,5,46.0,46.0,0.0,0.0,66.0
2026-05-17,Broccoli,5,53.49,52.69,0.0,2.31,71.19
2026-05-17,Fish,5,34.83,34.22,0.0,15.78,39.05
2026-05-24,Rice,5,47.0,47.0,0.0,0.0,67.0
2026-05-24,Cooking Cream,5,54.0,44.28,3.18,9.72,61.1
2026-05-24,Chicken,5,50.0,38.03,0.0,11.97,58.03
2026-05-24,Broccoli,5,44.69,47.0,0.0,0.0,64.69
2026-05-24,Fish,5,33.22,49.0,0.0,0.0,53.22
2026-05-31,Rice,5,45.0,45.0,0.0,0.0,65.0
2026-05-31,Cooking Cream,5,50.0,44.09,9.72,5.91,54.37
2026-05-31,Chicken,5,40.03,44.68,0.0,7.32,52.71
2026-05-31,Broccoli,5,49.0,49.0,0.0,0.0,69.0
2026-05-31,Fish,5,45.0,45.0,0.0,0.0,65.0
2026-06-07,Rice,6,47.0,45.19,0.0,1.81,65.19
2026-06-07,Cooking Cream,6,55.0,54.92,5.91,0.08,69.02
2026-06-07,Chicken,6,38.68,37.18,0.0,8.82,49.86
2026-06-07,Broccoli,6,50.0,43.47,0.0,6.53,63.47
2026-06-07,Fish,6,49.0,49.0,0.0,0.0,69.0
2026-06-14,Rice,6,44.19,46.0,0.0,0.0,64.19
2026-06-14,Cooking Cream,6,49.0,41.41,0.08,7.59,61.33
2026-06-14,Chicken,6,44.18,24.58,0.0,28.42,35.76
2026-06-14,Broccoli,6,47.47,48.72,0.0,5.28,62.19
2026-06-14,Fish,6,49.0,49.0,0.0,0.0,69.0
2026-06-21,Rice,6,52.0,51.6,0.0,0.4,71.6
2026-06-21,Cooking Cream,6,51.0,34.78,7.59,16.22,47.18
2026-06-21,Chicken,6,17.58,32.85,0.0,13.15,24.43
2026-06-21,Broccoli,6,48.72,42.45,0.0,11.55,57.17
2026-06-21,Fish,6,47.0,31.36,0.0,15.64,51.36
2026-06-28,Rice,6,52.6,47.02,0.0,5.98,66.62
2026-06-28,Cooking Cream,6,47.0,47.0,16.22,0.0,50.78
2026-06-28,Chicken,6,31.85,45.0,0.0,0.0,51.85
2026-06-28,Broccoli,6,43.45,45.74,0.0,9.26,54.2
2026-06-28,Fish,6,36.36,52.0,0.0,0.0,56.36
2026-07-05,Rice,7,42.02,48.0,0.0,0.0,62.02
2026-07-05,Cooking Cream,7,49.0,47.75,0.0,1.25,67.75
2026-07-05,Chicken,7,51.0,40.23,0.0,10.77,60.23
2026-07-05,Broccoli,7,38.74,45.12,0.0,2.88,55.87
2026-07-05,Fish,7,51.0,44.83,0.0,6.17,64.83
2026-07-12,Rice,7,53.0,44.86,0.0,8.14,64.86
2026-07-12,Cooking Cream,7,53.0,53.0,1.25,0.0,71.75
2026-07-12,Chicken,7,35.23,46.0,0.0,0.0,55.23
2026-07-12,Broccoli,7,44.12,41.89,0.0,5.11,59.01
2026-07-12,Fish,7,44.83,43.65,0.0,7.35,57.49
2026-07-19,Rice,7,42.86,45.24,0.0,5.76,57.1
2026-07-19,Cooking Cream,7,53.0,53.0,0.0,0.0,73.0
2026-07-19,Chicken,7,52.0,52.0,0.0,0.0,72.0
2026-07-19,Broccoli,7,40.89,46.0,0.0,0.0,60.89
2026-07-19,Fish,7,43.65,36.59,0.0,14.41,49.25
2026-07-26,Rice,7,39.24,45.0,0.0,0.0,59.24
2026-07-26,Cooking Cream,7,55.0,55.0,0.0,0.0,75.0
2026-07-26,Chicken,7,48.0,30.75,0.0,17.25,50.75
2026-07-26,Broccoli,7,53.0,53.0,0.0,0.0,73.0
2026-07-26,Fish,7,30.59,45.0,0.0,0.0,50.59
2026-08-02,Rice,8,52.0,42.11,0.0,9.89,62.11
2026-08-02,Cooking Cream,8,51.0,51.0,0.0,0.0,71.0
2026-08-02,Chicken,8,37.75,52.81,0.0,2.19,55.56
2026-08-02,Broccoli,8,47.0,47.0,0.0,0.0,67.0
2026-08-02,Fish,8,46.0,46.0,0.0,0.0,66.0
2026-08-09,Rice,8,43.11,44.73,0.0,8.27,54.84
2026-08-09,Cooking Cream,8,46.0,38.33,0.0,7.67,58.33
2026-08-09,Chicken,8,42.81,45.0,0.0,0.0,62.81
2026-08-09,Broccoli,8,52.0,38.31,0.0,13.69,58.31
2026-08-09,Fish,8,45.0,45.0,0.0,0.0,65.0
2026-08-16,Rice,8,43.73,52.0,0.0,0.0,63.73
2026-08-16,Cooking Cream,8,46.0,45.58,7.67,0.42,57.91
2026-08-16,Chicken,8,55.0,55.0,0.0,0.0,75.0
2026-08-16,Broccoli,8,32.31,46.0,0.0,0.0,52.31
2026-08-16,Fish,8,46.0,46.0,0.0,0.0,66.0
2026-08-23,Rice,8,55.0,40.66,0.0,14.34,60.66
2026-08-23,Cooking Cream,8,54.0,41.11,0.42,12.89,60.69
2026-08-23,Chicken,8,47.0,47.0,0.0,0.0,67.0
2026-08-23,Broccoli,8,50.0,50.0,0.0,0.0,70.0
2026-08-23,Fish,8,52.0,52.0,0.0,0.0,72.0
2026-08-30,Rice,8,31.66,46.0,0.0,0.0,51.66
2026-08-30,Cooking Cream,8,47.0,47.0,12.89,0.0,54.11
2026-08-30,Chicken,8,47.0,42.56,0.0,4.44,62.56
2026-08-30,Broccoli,8,52.0,52.0,0.0,0.0,72.0
2026-08-30,Fish,8,48.0,48.0,0.0,0.0,68.0
2026-09-06,Rice,9,52.0,52.0,0.0,0.0,72.0
2026-09-06,Cooking Cream,9,53.0,52.84,0.0,0.16,72.84
2026-09-06,Chicken,9,45.56,50.0,0.0,0.0,65.56
2026-09-06,Broccoli,9,46.0,41.36,0.0,4.64,61.36
2026-09-06,Fish,9,48.0,48.0,0.0,0.0,68.0
2026-09-13,Rice,9,48.0,41.77,0.0,6.23,61.77
2026-09-13,Cooking Cream,9,55.0,55.0,0.16,0.0,74.84
2026-09-13,Chicken,9,53.0,50.67,0.0,2.33,70.67
2026-09-13,Broccoli,9,50.36,39.24,0.0,15.76,54.59
2026-09-13,Fish,9,47.0,47.0,0.0,0.0,67.0
2026-09-20,Rice,9,42.77,49.0,0.0,0.0,62.77
2026-09-20,Cooking Cream,9,47.0,47.0,0.0,0.0,67.0
2026-09-20,Chicken,9,46.67,49.0,0.0,0.0,66.67
2026-09-20,Broccoli,9,29.24,45.0,0.0,0.0,49.24
2026-09-20,Fish,9,46.0,40.89,0.0,5.11,60.89
2026-09-27,Rice,9,50.0,48.94,0.0,1.06,68.94
2026-09-27,Cooking Cream,9,49.0,49.0,0.0,0.0,69.0
2026-09-27,Chicken,9,49.0,46.98,0.0,2.02,66.98
2026-09-27,Broccoli,9,53.0,43.58,0.0,9.42,63.58
2026-09-27,Fish,9,46.89,49.36,0.0,2.64,64.25
2026-10-04,Rice,10,70.94,43.26,0.0,28.74,62.19
2026-10-04,Cooking Cream,10,66.0,40.97,0.0,25.03,60.97
2026-10-04,Chicken,10,72.98,51.8,0.0,23.2,69.78
2026-10-04,Broccoli,10,64.58,37.38,0.0,36.62,47.96
2026-10-04,Fish,10,63.36,38.91,0.0,27.09,56.27
2026-10-11,Rice,10,43.26,53.65,0.0,18.35,44.9
2026-10-11,Cooking Cream,10,67.0,44.75,25.03,22.25,39.72
2026-10-11,Chicken,10,47.8,47.43,0.0,23.57,44.23
2026-10-11,Broccoli,10,37.38,36.08,0.0,37.92,19.45
2026-10-11,Fish,10,45.91,69.33,0.0,3.67,62.24
2026-10-18,Rice,10,50.65,63.25,0.0,5.75,64.89
2026-10-18,Cooking Cream,10,65.0,52.42,22.25,12.58,50.17
2026-10-18,Chicken,10,42.43,18.63,0.0,47.37,15.06
2026-10-18,Broccoli,10,33.08,59.52,0.0,11.48,41.6
2026-10-18,Fish,10,71.33,45.41,0.0,29.59,61.74
2026-10-25,Rice,10,61.25,59.94,0.0,7.06,74.19
2026-10-25,Cooking Cream,10,69.0,53.16,12.58,15.84,60.58
2026-10-25,Chicken,10,27.63,59.48,0.0,15.52,32.12
2026-10-25,Broccoli,10,61.52,63.79,0.0,9.21,72.31
2026-10-25,Fish,10,43.41,67.73,0.0,5.27,58.15
2026-11-01,Rice,11,46.94,54.0,0.0,0.0,66.94
2026-11-01,Cooking Cream,11,48.0,48.0,15.84,0.0,52.16
2026-11-01,Chicken,11,38.48,54.0,0.0,0.0,58.48
2026-11-01,Broccoli,11,37.79,47.0,0.0,0.0,57.79
2026-11-01,Fish,11,42.73,48.0,0.0,0.0,62.73
2026-11-08,Rice,11,48.0,48.0,0.0,0.0,68.0
2026-11-08,Cooking Cream,11,49.0,47.62,0.0,1.38,67.62
2026-11-08,Chicken,11,55.0,38.6,0.0,16.4,58.6
2026-11-08,Broccoli,11,53.0,53.0,0.0,0.0,73.0
2026-11-08,Fish,11,50.0,33.65,0.0,16.35,53.65
2026-11-15,Rice,11,52.0,52.0,0.0,0.0,72.0
2026-11-15,Cooking Cream,11,47.0,31.21,1.38,15.79,49.83
2026-11-15,Chicken,11,30.6,47.0,0.0,0.0,50.6
2026-11-15,Broccoli,11,51.0,51.0,0.0,0.0,71.0
2026-11-15,Fish,11,38.65,55.0,0.0,0.0,58.65
2026-11-22,Rice,11,48.0,47.32,0.0,0.68,67.32
2026-11-22,Cooking Cream,11,55.0,42.65,15.79,12.35,46.86
2026-11-22,Chicken,11,55.0,41.03,0.0,13.97,61.03
2026-11-22,Broccoli,11,48.0,38.57,0.0,9.43,58.57
2026-11-22,Fish,11,49.0,42.31,0.0,6.69,62.31
2026-11-29,Rice,11,53.32,53.74,0.0,0.26,73.06
2026-11-29,Cooking Cream,11,49.0,45.78,12.35,3.22,53.42
2026-11-29,Chicken,11,34.03,48.0,0.0,0.0,54.03
2026-11-29,Broccoli,11,43.57,47.11,0.0,5.89,57.68
2026-11-29,Fish,11,44.31,47.93,0.0,3.07,61.24
2026-12-06,Rice,12,67.74,33.48,0.0,34.52,53.22
2026-12-06,Cooking Cream,12,74.0,42.81,3.22,31.19,59.59
2026-12-06,Chicken,12,65.0,37.99,0.0,27.01,57.99
2026-12-06,Broccoli,12,61.11,35.77,0.0,31.23,49.88
2026-12-06,Fish,12,69.93,39.67,0.0,33.33,56.6
2026-12-13,Rice,12,30.48,65.0,0.0,0.0,50.48
2026-12-13,Cooking Cream,12,70.0,67.68,31.19,2.32,56.49
2026-12-13,Chicken,12,46.99,59.88,0.0,14.12,52.87
2026-12-13,Broccoli,12,37.77,43.46,0.0,25.54,32.23
2026-12-13,Fish,12,35.67,54.6,0.0,14.4,41.27
2026-12-20,Rice,12,72.0,37.74,0.0,34.26,57.74
2026-12-20,Cooking Cream,12,70.0,42.96,2.32,27.04,60.64
2026-12-20,Chicken,12,58.88,47.93,0.0,25.07,53.8
2026-12-20,Broccoli,12,43.46,66.75,0.0,2.25,61.21
2026-12-20,Fish,12,50.6,65.0,0.0,0.0,70.6
